audio/dialog.md,5c0d512b16238b5aa924c20c14f812f5
audio/footsstep.md,2a66be80fc1e85676929f7851a424dbf
audio/fx.md,c2906e0946221af874688694a37e4b68
audio/music.md,977308169f4265cd493d0076ba31ddb7
cfg.md,eb9a9dbe17f91a1634f79183f4a0fc09
materials.md,8e88848ef813a49b2576e7815189d623
prefab.md,716e3d02dedcb9536ac2cb92f17d5af7
prefab/cubes/models.md,490d37c67c6b20f78975e0e3621da2cc
prefab/cubes/models/materials.md,da668cd988edcc5f249152aef67ffa9f
prefab/cubes/textures.md,a1f04602a2e99d7d9ec0e9842f4d399d
prefab/knight.md,051d7374be4b0349b56cd42ae52b6e31
prefab/knight/materials.md,4b552d4e52d02d563a18ca18377e8adb
prefab/simpleicon/_scenes.md,6ba1d3758ac667eaa48b14cae36777cf
prefab/simpleicon/materials.md,bbef4c51536c00827cc824d0fdc896dc
prefab/simpleicon/models.md,b713e78d15b3c3240102635a260d7a4b
prefab/simpleicon/prefabs.md,9060875e08134ad87d549c0a75fcdc62
prefab/simpleicon/textures.md,1a3e171f07fc55866659ca1917138a0c
prefab/terrain.md,84304a248276e214199a5d8520ccc16e
terrain.md,7c7bb2edf6d44f09410fcbf1235ac591
terrain/test.md,a008ec20df41aa72f3ee8f7383efa31c
terrain/test2.md,3530a4bfb32e079285a73e7b103349e3
texture/blocks.md,625be5a053de2882997b333b0df48e1a
