cfg,audio.csv
cfg,prefab.csv
cfg,prefabtype.csv
cfg,resources.csv
cfg,sprite.csv
cfg,spriteanim.csv
cfg,tile.csv
cfg,unittype.csv
characters,1.0.controller,characters|new animation.anim
characters,1.0.png
characters,10.0.png
characters,11.0.png
characters,12.0.png
characters,13.0.png
characters,14.0.png
characters,15.0.png
characters,16.0.png
characters,17.0.png
characters,18.0.png
characters,19.0.png
characters,2.0.png
characters,20.0.png
characters,21.0.png
characters,22.0.png
characters,23.0.png
characters,24.0.png
characters,25.0.png
characters,26.0.png
characters,27.0.png
characters,28.0.png
characters,29.0.png
characters,3.0.png
characters,30.0.png
characters,31.0.png
characters,32.0.png
characters,33.0.png
characters,34.0.png
characters,35.0.png
characters,36.0.png
characters,37.0.png
characters,38.0.png
characters,39.0.png
characters,4.0.png
characters,40.0.png
characters,41.0.png
characters,42.0.png
characters,43.0.png
characters,44.0.png
characters,45.0.png
characters,46.0.png
characters,47.0.png
characters,48.0.png
characters,49.0.png
characters,5.0.png
characters,50.0.png
characters,51.0.png
characters,52.0.png
characters,6.0.png
characters,7.0.png
characters,8.0.png
characters,9.0.png
characters,new animation.anim,characters|3.0.png,characters|6.0.png,characters|1.0.png,characters|8.0.png,characters|5.0.png,characters|2.0.png,characters|4.0.png,characters|7.0.png
characters,new animation1.anim,terrainart/ashenvale|ashen_dirt.png
characters,new sprite.controller,characters|new animation1.anim
terrainart,maptile.prefab,terrainart/ashenvale|ashen_dirt.png
terrainart/ashenvale,ashen_dirt.png
terrainart/ashenvale,ashen_dirtrough.png
terrainart/ashenvale,ashen_grass.png
